{
  "images" : [
    {
      "filename" : "Group 1000002670.png",
      "idiom" : "universal",
      "scale" : "1x"
    },
    {
      "appearances" : [
        {
          "appearance" : "luminosity",
          "value" : "dark"
        }
      ],
      "filename" : "Group 1000002669.png",
      "idiom" : "universal",
      "scale" : "1x"
    },
    {
      "filename" : "Group 1000002669@2x 1.png",
      "idiom" : "universal",
      "scale" : "2x"
    },
    {
      "appearances" : [
        {
          "appearance" : "luminosity",
          "value" : "dark"
        }
      ],
      "filename" : "Group 1000002669@2x.png",
      "idiom" : "universal",
      "scale" : "2x"
    },
    {
      "filename" : "Group 1000002669@3x 1.png",
      "idiom" : "universal",
      "scale" : "3x"
    },
    {
      "appearances" : [
        {
          "appearance" : "luminosity",
          "value" : "dark"
        }
      ],
      "filename" : "Group 1000002669@3x.png",
      "idiom" : "universal",
      "scale" : "3x"
    }
  ],
  "info" : {
    "author" : "xcode",
    "version" : 1
  }
}
